ExamineeID,Score,RaterID,Order
1,3,1,1
2,5,1,1
3,5,1,1
4,3,1,1
5,3,1,1
6,3,1,1
7,4,1,1
8,3,1,1
9,2,1,1
10,3,1,1
11,3,1,1
12,3,1,1
13,2,1,1
14,4,1,1
15,3,1,1
16,2,1,1
17,2,1,1
18,5,1,1
19,4,1,1
20,5,1,1
21,2,1,1
22,2,1,1
23,4,1,1
24,3,1,1
25,4,1,1
26,2,1,1
27,5,1,1
28,4,1,1
29,5,1,1
30,5,1,1
31,4,1,1
32,4,1,2
33,3,1,2
34,4,1,2
35,2,1,2
36,2,1,2
37,3,1,2
38,3,1,2
39,2,1,2
40,4,1,2
41,3,1,2
42,5,1,2
43,3,1,2
44,5,1,2
45,4,1,2
46,2,1,2
47,4,1,2
48,2,1,2
49,3,1,2
50,3,1,2
51,4,1,2
52,4,1,2
53,3,1,2
54,3,1,2
55,4,1,2
56,2,1,2
57,3,1,2
58,4,1,2
59,2,1,2
60,2,1,2
61,5,1,2
62,3,1,3
63,3,1,3
64,3,1,3
65,3,1,3
66,3,1,3
67,4,1,3
68,3,1,3
69,3,1,3
70,3,1,3
71,4,1,3
72,4,1,3
73,3,1,3
74,3,1,3
75,3,1,3
76,3,1,3
77,3,1,3
78,4,1,3
79,3,1,3
80,4,1,3
81,4,1,3
82,2,1,3
83,4,1,3
84,3,1,3
85,3,1,3
86,3,1,3
87,2,1,3
88,4,1,3
89,2,1,3
90,4,1,3
91,4,1,3
92,4,1,4
93,3,1,4
94,5,1,4
95,4,1,4
96,4,1,4
97,2,1,4
98,4,1,4
99,3,1,4
100,5,1,4
101,2,1,4
102,3,1,4
103,4,1,4
104,4,1,4
105,3,1,4
106,4,1,4
107,4,1,4
108,4,1,4
109,5,1,4
110,4,1,4
111,4,1,4
112,3,1,4
113,4,1,4
114,4,1,4
115,2,1,4
116,2,1,4
117,3,1,4
118,4,1,4
119,2,1,4
120,4,1,4
121,4,1,4
122,3,1,4
123,2,1,4
124,4,1,4
125,5,1,4
126,4,1,4
127,4,1,4
128,3,1,4
129,3,1,4
130,3,1,4
131,4,1,4
132,4,1,4
133,4,1,4
134,3,1,4
24,,2,1
52,,2,1
97,,2,1
132,,2,1
126,,2,1
114,,2,1
133,,2,1
124,,2,1
8,,2,1
16,,2,1
80,,2,1
63,,2,1
3,,2,1
53,,2,1
55,,2,1
58,,2,1
116,,2,1
50,,2,1
7,,2,1
14,,2,1
75,,2,1
5,,2,1
107,,2,1
125,,2,1
84,,2,1
1,,2,1
92,,2,1
43,,2,1
65,,2,1
130,,2,1
17,,2,1
99,,2,2
79,,2,2
110,,2,2
21,,2,2
74,,2,2
98,,2,2
77,,2,2
48,,2,2
82,,2,2
29,,2,2
15,,2,2
11,,2,2
100,,2,2
111,,2,2
56,,2,2
64,,2,2
37,,2,2
127,,2,2
115,,2,2
38,,2,2
40,,2,2
122,,2,2
101,,2,2
28,,2,2
90,,2,2
119,,2,2
93,,2,2
86,,2,2
36,,2,2
69,,2,2
20,,2,3
91,,2,3
2,,2,3
54,,2,3
112,,2,3
51,,2,3
68,,2,3
113,,2,3
71,,2,3
102,,2,3
104,,2,3
96,,2,3
59,,2,3
70,,2,3
22,,2,3
33,,2,3
30,,2,3
62,,2,3
35,,2,3
129,,2,3
45,,2,3
31,,2,3
42,,2,3
118,,2,3
131,,2,3
39,,2,3
57,,2,3
10,,2,3
44,,2,3
32,,2,3
27,,2,4
9,,2,4
108,,2,4
83,,2,4
4,,2,4
78,,2,4
85,,2,4
13,,2,4
95,,2,4
18,,2,4
73,,2,4
134,,2,4
94,,2,4
121,,2,4
23,,2,4
123,,2,4
117,,2,4
6,,2,4
46,,2,4
60,,2,4
76,,2,4
128,,2,4
34,,2,4
67,,2,4
89,,2,4
81,,2,4
106,,2,4
19,,2,4
25,,2,4
49,,2,4
61,,2,4
26,,2,4
66,,2,4
105,,2,4
109,,2,4
47,,2,4
41,,2,4
87,,2,4
103,,2,4
12,,2,4
120,,2,4
88,,2,4
72,,2,4
18,4,3,1
56,4,3,1
16,3,3,1
48,3,3,1
14,5,3,1
28,4,3,1
39,4,3,1
57,3,3,1
125,4,3,1
127,2,3,1
87,3,3,1
73,4,3,1
110,5,3,1
27,3,3,1
33,4,3,1
99,4,3,1
85,3,3,1
32,5,3,1
76,4,3,1
43,4,3,1
22,3,3,1
13,3,3,1
37,3,3,1
67,4,3,1
128,4,3,1
98,3,3,1
10,5,3,1
23,4,3,1
17,4,3,1
53,5,3,1
81,4,3,1
97,4,3,2
63,4,3,2
77,4,3,2
65,4,3,2
9,3,3,2
89,,3,2
101,3,3,2
94,4,3,2
7,3,3,2
52,4,3,2
80,5,3,2
82,5,3,2
124,3,3,2
60,4,3,2
42,5,3,2
115,4,3,2
54,3,3,2
112,4,3,2
116,3,3,2
114,5,3,2
71,3,3,2
72,4,3,2
131,4,3,2
130,4,3,2
35,4,3,2
100,5,3,2
12,3,3,2
58,3,3,2
92,4,3,2
134,4,3,2
30,5,3,3
105,4,3,3
122,3,3,3
121,4,3,3
123,3,3,3
79,5,3,3
83,5,3,3
41,4,3,3
8,4,3,3
55,4,3,3
20,4,3,3
61,4,3,3
68,4,3,3
51,3,3,3
106,4,3,3
70,4,3,3
34,4,3,3
24,4,3,3
4,5,3,3
117,4,3,3
102,4,3,3
118,3,3,3
69,3,3,3
11,4,3,3
5,4,3,3
47,5,3,3
90,4,3,3
104,4,3,3
109,5,3,3
88,5,3,3
113,3,3,4
84,4,3,4
64,4,3,4
31,4,3,4
1,5,3,4
119,3,3,4
129,4,3,4
111,4,3,4
25,4,3,4
95,4,3,4
59,3,3,4
19,4,3,4
132,4,3,4
133,4,3,4
126,4,3,4
74,3,3,4
45,4,3,4
46,3,3,4
120,4,3,4
103,4,3,4
21,4,3,4
93,4,3,4
38,4,3,4
29,4,3,4
91,4,3,4
15,4,3,4
36,3,3,4
62,4,3,4
78,4,3,4
2,4,3,4
40,4,3,4
44,5,3,4
75,4,3,4
6,4,3,4
86,4,3,4
3,5,3,4
26,3,3,4
108,4,3,4
50,4,3,4
49,4,3,4
66,4,3,4
96,4,3,4
107,4,3,4
37,3,4,1
36,4,4,1
66,3,4,1
115,4,4,1
5,3,4,1
123,2,4,1
91,4,4,1
88,3,4,1
78,3,4,1
1,4,4,1
74,3,4,1
7,3,4,1
126,2,4,1
86,2,4,1
81,4,4,1
22,3,4,1
9,3,4,1
6,3,4,1
56,5,4,1
79,4,4,1
27,4,4,1
19,4,4,1
32,3,4,1
15,3,4,1
92,3,4,1
55,3,4,1
80,4,4,1
13,4,4,1
106,3,4,1
96,4,4,1
42,4,4,1
127,4,4,2
43,3,4,2
24,4,4,2
77,3,4,2
111,5,4,2
87,4,4,2
18,4,4,2
98,4,4,2
113,4,4,2
132,3,4,2
17,5,4,2
84,4,4,2
125,3,4,2
62,4,4,2
108,4,4,2
85,3,4,2
30,4,4,2
124,4,4,2
44,4,4,2
25,5,4,2
82,5,4,2
29,4,4,2
89,4,4,2
104,5,4,2
48,3,4,2
133,3,4,2
11,4,4,2
53,3,4,2
41,4,4,2
68,3,4,2
117,3,4,3
10,3,4,3
134,4,4,3
131,3,4,3
109,4,4,3
76,3,4,3
128,5,4,3
90,3,4,3
120,3,4,3
52,4,4,3
119,3,4,3
107,4,4,3
51,3,4,3
114,4,4,3
46,4,4,3
59,3,4,3
8,3,4,3
103,4,4,3
33,4,4,3
21,4,4,3
67,3,4,3
20,3,4,3
65,3,4,3
3,4,4,3
57,3,4,3
72,4,4,3
60,4,4,3
129,3,4,3
31,4,4,3
61,3,4,3
102,3,4,4
47,4,4,4
50,4,4,4
23,3,4,4
63,2,4,4
38,2,4,4
97,3,4,4
73,3,4,4
54,3,4,4
93,3,4,4
64,3,4,4
69,3,4,4
130,3,4,4
4,4,4,4
101,3,4,4
121,3,4,4
70,3,4,4
118,3,4,4
49,3,4,4
39,3,4,4
12,4,4,4
58,3,4,4
100,3,4,4
34,4,4,4
112,4,4,4
105,2,4,4
71,2,4,4
14,3,4,4
95,4,4,4
28,4,4,4
16,3,4,4
83,4,4,4
2,5,4,4
35,3,4,4
122,4,4,4
94,4,4,4
45,3,4,4
116,3,4,4
75,3,4,4
110,3,4,4
26,4,4,4
99,3,4,4
40,3,4,4
2,,5,1
74,,5,1
128,,5,1
47,,5,1
41,,5,1
84,,5,1
123,,5,1
94,,5,1
36,,5,1
24,,5,1
87,,5,1
78,,5,1
98,,5,1
46,,5,1
35,,5,1
111,,5,1
31,,5,1
73,,5,1
30,,5,1
119,,5,1
49,,5,1
101,,5,1
59,,5,1
66,,5,1
117,,5,1
55,,5,1
8,,5,1
60,,5,1
131,,5,1
32,,5,1
106,,5,1
52,,5,2
105,,5,2
18,,5,2
45,,5,2
90,,5,2
112,,5,2
22,,5,2
132,,5,2
50,,5,2
23,,5,2
75,,5,2
15,,5,2
93,,5,2
92,,5,2
104,,5,2
100,,5,2
10,,5,2
65,,5,2
57,,5,2
110,,5,2
9,,5,2
88,,5,2
134,,5,2
81,,5,2
13,,5,2
116,,5,2
82,,5,2
14,,5,2
39,,5,2
99,,5,2
72,,5,3
21,,5,3
34,,5,3
12,,5,3
6,,5,3
107,,5,3
25,,5,3
62,,5,3
37,,5,3
113,,5,3
20,,5,3
67,,5,3
68,,5,3
56,,5,3
5,,5,3
77,,5,3
125,,5,3
51,,5,3
83,,5,3
91,,5,3
89,,5,3
118,,5,3
69,,5,3
126,,5,3
11,,5,3
29,,5,3
76,,5,3
103,,5,3
54,,5,3
86,,5,3
72,,5,4
21,,5,4
34,,5,4
12,,5,4
6,,5,4
107,,5,4
25,,5,4
62,,5,4
37,,5,4
113,,5,4
20,,5,4
67,,5,4
68,,5,4
56,,5,4
5,,5,4
77,,5,4
125,,5,4
51,,5,4
83,,5,4
91,,5,4
89,,5,4
118,,5,4
69,,5,4
126,,5,4
11,,5,4
29,,5,4
76,,5,4
103,,5,4
54,,5,4
86,,5,4
53,,5,4
28,,5,4
120,,5,4
109,,5,4
63,,5,4
7,,5,4
95,,5,4
70,,5,4
27,,5,4
48,,5,4
133,,5,4
85,,5,4
79,,5,4
19,3,6,1
129,2,6,1
125,2,6,1
61,2,6,1
36,4,6,1
31,3,6,1
74,2,6,1
92,3,6,1
104,1,6,1
57,2,6,1
124,4,6,1
53,1,6,1
44,3,6,1
122,2,6,1
113,2,6,1
48,1,6,1
54,1,6,1
45,2,6,1
109,2,6,1
41,2,6,1
33,2,6,1
7,2,6,1
55,4,6,1
82,3,6,1
1,3,6,1
62,2,6,1
119,4,6,1
22,2,6,1
49,3,6,1
121,4,6,1
52,3,6,1
28,3,6,2
39,4,6,2
94,2,6,2
102,2,6,2
60,3,6,2
133,3,6,2
6,2,6,2
30,4,6,2
71,2,6,2
9,5,6,2
98,3,6,2
118,2,6,2
132,2,6,2
17,3,6,2
3,4,6,2
131,4,6,2
96,3,6,2
69,2,6,2
5,4,6,2
13,4,6,2
89,1,6,2
29,3,6,2
35,2,6,2
88,2,6,2
20,4,6,2
68,3,6,2
42,3,6,2
128,3,6,2
81,4,6,2
4,5,6,2
114,4,6,3
108,3,6,3
91,4,6,3
105,3,6,3
59,2,6,3
56,3,6,3
18,2,6,3
25,3,6,3
111,4,6,3
75,3,6,3
26,3,6,3
87,3,6,3
106,2,6,3
95,3,6,3
130,3,6,3
78,4,6,3
112,4,6,3
51,3,6,3
115,4,6,3
10,3,6,3
67,4,6,3
77,4,6,3
23,4,6,3
16,1,6,3
123,3,6,3
47,4,6,3
116,1,6,3
85,3,6,3
34,3,6,3
24,4,6,3
64,3,6,4
8,2,6,4
103,2,6,4
65,3,6,4
46,3,6,4
21,4,6,4
127,4,6,4
117,3,6,4
11,3,6,4
110,4,6,4
50,3,6,4
73,2,6,4
32,3,6,4
101,2,6,4
100,4,6,4
37,2,6,4
58,3,6,4
86,3,6,4
15,3,6,4
134,2,6,4
99,4,6,4
76,3,6,4
38,3,6,4
79,4,6,4
90,5,6,4
66,3,6,4
63,3,6,4
72,4,6,4
2,3,6,4
14,3,6,4
12,3,6,4
84,3,6,4
126,3,6,4
97,3,6,4
93,3,6,4
70,2,6,4
80,3,6,4
107,3,6,4
120,4,6,4
43,3,6,4
83,4,6,4
40,3,6,4
27,3,6,4
24,4,7,1
48,3,7,1
54,1,7,1
57,5,7,1
42,3,7,1
1,3,7,1
23,4,7,1
15,2,7,1
70,3,7,1
100,3,7,1
4,4,7,1
127,2,7,1
58,3,7,1
112,5,7,1
12,2,7,1
32,2,7,1
59,2,7,1
77,3,7,1
134,2,7,1
132,5,7,1
52,4,7,1
87,4,7,1
116,1,7,1
84,4,7,1
108,5,7,1
18,3,7,1
49,3,7,1
29,5,7,1
65,3,7,1
53,3,7,1
117,5,7,1
28,4,7,2
119,2,7,2
91,4,7,2
105,3,7,2
90,2,7,2
16,2,7,2
3,5,7,2
19,5,7,2
102,5,7,2
22,2,7,2
69,3,7,2
14,5,7,2
73,3,7,2
50,3,7,2
110,4,7,2
86,3,7,2
115,5,7,2
39,2,7,2
123,1,7,2
67,5,7,2
113,1,7,2
7,2,7,2
75,3,7,2
93,3,7,2
92,4,7,2
21,5,7,2
8,4,7,2
76,5,7,2
126,2,7,2
72,5,7,2
37,3,7,3
83,3,7,3
129,4,7,3
5,3,7,3
124,5,7,3
17,5,7,3
118,3,7,3
130,4,7,3
33,3,7,3
66,4,7,3
104,3,7,3
109,5,7,3
99,2,7,3
46,5,7,3
61,4,7,3
41,5,7,3
9,2,7,3
13,2,7,3
125,3,7,3
97,2,7,3
111,5,7,3
68,4,7,3
98,3,7,3
85,4,7,3
114,5,7,3
101,3,7,3
26,3,7,3
74,2,7,3
27,4,7,3
63,2,7,3
56,5,7,4
43,4,7,4
103,2,7,4
88,3,7,4
79,4,7,4
80,4,7,4
44,4,7,4
51,2,7,4
95,2,7,4
81,3,7,4
45,2,7,4
35,4,7,4
94,3,7,4
121,3,7,4
47,4,7,4
11,4,7,4
133,5,7,4
2,3,7,4
34,2,7,4
106,1,7,4
20,3,7,4
64,4,7,4
55,5,7,4
107,5,7,4
120,3,7,4
38,5,7,4
122,3,7,4
36,2,7,4
71,2,7,4
60,3,7,4
31,5,7,4
96,5,7,4
128,5,7,4
82,2,7,4
30,5,7,4
25,3,7,4
40,4,7,4
10,4,7,4
62,5,7,4
6,5,7,4
78,3,7,4
89,1,7,4
131,5,7,4
71,2,8,1
89,2,8,1
11,4,8,1
128,3,8,1
77,3,8,1
108,4,8,1
120,4,8,1
76,3,8,1
25,3,8,1
94,2,8,1
55,4,8,1
84,4,8,1
40,3,8,1
22,2,8,1
54,1,8,1
110,3,8,1
101,3,8,1
68,3,8,1
17,3,8,1
117,4,8,1
59,2,8,1
106,2,8,1
58,3,8,1
73,3,8,1
105,3,8,1
24,3,8,1
57,3,8,1
79,5,8,1
48,1,8,1
32,3,8,1
100,4,8,1
7,3,8,2
74,3,8,2
93,3,8,2
82,4,8,2
38,2,8,2
111,3,8,2
49,3,8,2
50,2,8,2
123,3,8,2
45,3,8,2
133,4,8,2
129,3,8,2
20,2,8,2
88,2,8,2
97,1,8,2
13,0,8,2
86,3,8,2
3,2,8,2
131,3,8,2
52,2,8,2
109,5,8,2
83,3,8,2
122,2,8,2
119,1,8,2
125,1,8,2
95,2,8,2
75,3,8,2
72,3,8,2
56,3,8,2
90,3,8,2
44,3,8,3
51,2,8,3
91,4,8,3
21,3,8,3
134,1,8,3
6,2,8,3
10,3,8,3
28,3,8,3
47,3,8,3
70,3,8,3
66,3,8,3
34,2,8,3
26,3,8,3
81,3,8,3
102,3,8,3
41,2,8,3
23,2,8,3
67,3,8,3
1,4,8,3
29,3,8,3
31,3,8,3
36,3,8,3
63,3,8,3
42,3,8,3
87,2,8,3
85,3,8,3
60,3,8,3
127,2,8,3
124,2,8,3
2,3,8,3
115,4,8,4
61,2,8,4
121,3,8,4
37,2,8,4
126,3,8,4
46,3,8,4
113,2,8,4
112,3,8,4
107,3,8,4
104,3,8,4
8,3,8,4
9,2,8,4
33,3,8,4
12,2,8,4
103,3,8,4
43,2,8,4
64,3,8,4
39,3,8,4
114,3,8,4
53,3,8,4
35,2,8,4
99,2,8,4
96,3,8,4
78,2,8,4
98,3,8,4
116,1,8,4
65,3,8,4
27,3,8,4
14,4,8,4
18,4,8,4
4,4,8,4
16,1,8,4
132,2,8,4
130,3,8,4
118,2,8,4
69,2,8,4
15,3,8,4
30,3,8,4
80,4,8,4
5,4,8,4
19,2,8,4
92,2,8,4
62,3,8,4
50,2,9,1
1,3,9,1
102,5,9,1
30,5,9,1
69,1,9,1
68,4,9,1
26,4,9,1
113,4,9,1
70,3,9,1
41,5,9,1
114,5,9,1
38,4,9,1
89,2,9,1
3,5,9,1
39,4,9,1
98,3,9,1
48,5,9,1
82,5,9,1
32,4,9,1
33,5,9,1
23,5,9,1
130,3,9,1
72,5,9,1
105,3,9,1
92,4,9,1
84,5,9,1
6,2,9,1
122,5,9,1
117,5,9,1
58,4,9,1
61,4,9,1
31,5,9,2
4,5,9,2
22,2,9,2
128,4,9,2
118,3,9,2
43,4,9,2
64,4,9,2
127,3,9,2
62,3,9,2
133,4,9,2
24,4,9,2
76,3,9,2
77,5,9,2
95,4,9,2
126,4,9,2
13,3,9,2
79,5,9,2
21,3,9,2
120,5,9,2
47,5,9,2
85,5,9,2
75,5,9,2
93,4,9,2
19,4,9,2
125,4,9,2
56,4,9,2
66,4,9,2
15,3,9,2
96,5,9,2
17,4,9,2
106,3,9,3
87,3,9,3
97,5,9,3
108,5,9,3
18,4,9,3
104,5,9,3
49,4,9,3
63,3,9,3
10,3,9,3
59,2,9,3
65,5,9,3
73,4,9,3
111,4,9,3
55,3,9,3
51,4,9,3
134,3,9,3
99,2,9,3
20,5,9,3
29,4,9,3
12,4,9,3
35,3,9,3
5,5,9,3
27,5,9,3
107,5,9,3
44,4,9,3
52,3,9,3
110,4,9,3
91,3,9,3
86,2,9,3
71,2,9,3
90,4,9,4
78,5,9,4
57,3,9,4
101,4,9,4
116,2,9,4
37,3,9,4
124,2,9,4
67,3,9,4
81,4,9,4
42,3,9,4
94,3,9,4
88,4,9,4
9,3,9,4
112,5,9,4
7,4,9,4
123,5,9,4
115,5,9,4
60,4,9,4
25,5,9,4
83,4,9,4
45,4,9,4
53,5,9,4
129,4,9,4
16,2,9,4
2,5,9,4
11,4,9,4
74,5,9,4
34,5,9,4
40,4,9,4
14,4,9,4
121,5,9,4
119,3,9,4
28,5,9,4
80,5,9,4
109,5,9,4
46,4,9,4
131,5,9,4
54,1,9,4
100,3,9,4
8,3,9,4
36,5,9,4
103,3,9,4
132,3,9,4
108,4,10,1
90,2,10,1
36,1,10,1
19,4,10,1
76,3,10,1
121,4,10,1
43,2,10,1
8,2,10,1
73,4,10,1
64,3,10,1
68,4,10,1
79,3,10,1
33,4,10,1
129,4,10,1
59,2,10,1
41,5,10,1
120,5,10,1
65,3,10,1
101,4,10,1
94,3,10,1
114,5,10,1
82,5,10,1
86,3,10,1
95,3,10,1
107,5,10,1
58,4,10,1
54,1,10,1
5,3,10,1
105,2,10,1
20,3,10,1
78,2,10,1
97,5,10,2
112,5,10,2
87,3,10,2
50,3,10,2
111,4,10,2
14,5,10,2
69,3,10,2
103,3,10,2
99,3,10,2
70,2,10,2
48,3,10,2
93,5,10,2
7,2,10,2
38,3,10,2
109,5,10,2
56,5,10,2
83,4,10,2
96,3,10,2
115,2,10,2
132,4,10,2
25,5,10,2
71,2,10,2
113,2,10,2
67,4,10,2
134,2,10,2
17,4,10,2
123,2,10,2
3,4,10,2
133,3,10,2
106,2,10,2
118,4,10,3
63,4,10,3
127,3,10,3
16,2,10,3
124,3,10,3
60,4,10,3
24,2,10,3
29,5,10,3
91,5,10,3
72,5,10,3
130,3,10,3
34,3,10,3
51,3,10,3
12,5,10,3
6,4,10,3
66,4,10,3
45,4,10,3
40,4,10,3
126,4,10,3
117,4,10,3
10,5,10,3
110,2,10,3
37,2,10,3
131,4,10,3
104,3,10,3
22,4,10,3
39,4,10,3
44,3,10,3
46,4,10,3
125,4,10,3
35,2,10,4
47,4,10,4
85,3,10,4
61,4,10,4
122,3,10,4
89,3,10,4
4,5,10,4
23,3,10,4
21,4,10,4
128,3,10,4
9,4,10,4
2,5,10,4
28,4,10,4
18,3,10,4
55,5,10,4
80,4,10,4
100,4,10,4
13,3,10,4
81,4,10,4
49,4,10,4
62,3,10,4
30,5,10,4
119,2,10,4
88,3,10,4
27,4,10,4
15,3,10,4
31,4,10,4
1,4,10,4
75,2,10,4
11,4,10,4
98,2,10,4
74,2,10,4
77,3,10,4
53,4,10,4
57,3,10,4
102,4,10,4
26,5,10,4
84,4,10,4
42,5,10,4
52,4,10,4
92,4,10,4
116,3,10,4
32,4,10,4
87,,11,1
63,,11,1
99,,11,1
11,,11,1
95,,11,1
12,,11,1
36,,11,1
8,,11,1
64,,11,1
88,,11,1
86,,11,1
98,,11,1
26,,11,1
68,,11,1
45,,11,1
41,,11,1
39,,11,1
122,,11,1
59,,11,1
110,,11,1
42,,11,1
48,,11,1
115,,11,1
71,,11,1
90,,11,1
27,,11,1
3,,11,1
32,,11,1
129,,11,1
22,,11,1
25,,11,1
30,,11,2
133,,11,2
69,,11,2
15,,11,2
67,,11,2
109,,11,2
107,,11,2
16,,11,2
81,,11,2
102,,11,2
56,,11,2
96,,11,2
66,,11,2
77,,11,2
91,,11,2
33,,11,2
94,,11,2
116,,11,2
53,,11,2
58,,11,2
111,,11,2
104,,11,2
76,,11,2
2,,11,2
24,,11,2
18,,11,2
126,,11,2
1,,11,2
38,,11,2
70,,11,2
14,,11,3
128,,11,3
84,,11,3
31,,11,3
28,,11,3
93,,11,3
74,,11,3
73,,11,3
5,,11,3
131,,11,3
65,,11,3
97,,11,3
132,,11,3
124,,11,3
108,,11,3
82,,11,3
89,,11,3
47,,11,3
113,,11,3
55,,11,3
50,,11,3
13,,11,3
61,,11,3
112,,11,3
17,,11,3
44,,11,3
62,,11,3
52,,11,3
130,,11,3
10,,11,3
75,,11,4
23,,11,4
9,,11,4
80,,11,4
103,,11,4
85,,11,4
92,,11,4
100,,11,4
19,,11,4
121,,11,4
6,,11,4
123,,11,4
37,,11,4
79,,11,4
51,,11,4
134,,11,4
43,,11,4
20,,11,4
4,,11,4
78,,11,4
60,,11,4
119,,11,4
29,,11,4
114,,11,4
101,,11,4
46,,11,4
127,,11,4
83,,11,4
54,,11,4
72,,11,4
106,,11,4
125,,11,4
49,,11,4
118,,11,4
34,,11,4
105,,11,4
57,,11,4
117,,11,4
120,,11,4
21,,11,4
7,,11,4
35,,11,4
40,,11,4
114,5,12,1
125,4,12,1
69,3,12,1
3,5,12,1
34,2,12,1
44,5,12,1
117,5,12,1
11,5,12,1
65,4,12,1
62,5,12,1
7,2,12,1
54,3,12,1
63,4,12,1
4,5,12,1
96,4,12,1
53,3,12,1
25,4,12,1
100,5,12,1
47,5,12,1
104,2,12,1
93,2,12,1
5,2,12,1
87,3,12,1
124,4,12,1
116,4,12,1
88,5,12,1
112,5,12,1
38,4,12,1
118,4,12,1
60,5,12,1
84,5,12,1
46,3,12,2
57,3,12,2
39,5,12,2
111,4,12,2
105,4,12,2
126,3,12,2
107,5,12,2
42,3,12,2
110,4,12,2
51,4,12,2
106,2,12,2
52,4,12,2
134,3,12,2
90,4,12,2
9,4,12,2
19,4,12,2
98,4,12,2
18,4,12,2
35,3,12,2
97,4,12,2
131,4,12,2
48,3,12,2
59,4,12,2
95,4,12,2
123,3,12,2
28,4,12,2
68,4,12,2
20,5,12,2
31,5,12,2
43,4,12,2
1,3,12,3
15,3,12,3
23,4,12,3
29,3,12,3
91,3,12,3
102,2,12,3
27,4,12,3
72,3,12,3
13,2,12,3
80,3,12,3
26,3,12,3
113,2,12,3
22,2,12,3
12,3,12,3
32,3,12,3
67,3,12,3
8,3,12,3
73,3,12,3
101,4,12,3
30,3,12,3
74,3,12,3
58,3,12,3
37,3,12,3
56,3,12,3
21,3,12,3
75,2,12,3
121,3,12,3
115,3,12,3
33,3,12,3
108,3,12,3
61,2,12,4
133,3,12,4
6,1,12,4
14,4,12,4
132,3,12,4
79,2,12,4
41,2,12,4
45,2,12,4
77,3,12,4
83,3,12,4
36,2,12,4
129,3,12,4
10,3,12,4
109,3,12,4
119,2,12,4
81,3,12,4
127,1,12,4
55,3,12,4
71,3,12,4
76,3,12,4
82,3,12,4
85,3,12,4
64,3,12,4
103,3,12,4
99,2,12,4
122,3,12,4
24,3,12,4
17,2,12,4
70,3,12,4
49,3,12,4
89,2,12,4
16,2,12,4
128,3,12,4
92,3,12,4
86,3,12,4
50,3,12,4
78,3,12,4
2,3,12,4
120,3,12,4
40,3,12,4
130,3,12,4
94,3,12,4
66,3,12,4
85,2,13,1
110,2,13,1
7,1,13,1
36,1,13,1
122,3,13,1
70,1,13,1
104,3,13,1
132,4,13,1
16,1,13,1
1,1,13,1
103,2,13,1
65,2,13,1
66,2,13,1
115,3,13,1
33,2,13,1
111,4,13,1
128,1,13,1
30,4,13,1
17,1,13,1
124,1,13,1
5,1,13,1
4,4,13,1
113,3,13,1
20,2,13,1
109,2,13,1
83,3,13,1
14,2,13,1
75,1,13,1
97,1,13,1
72,3,13,1
73,1,13,1
123,2,13,2
133,2,13,2
108,3,13,2
28,4,13,2
116,1,13,2
96,2,13,2
46,2,13,2
54,1,13,2
35,2,13,2
34,2,13,2
118,2,13,2
117,2,13,2
45,2,13,2
22,3,13,2
59,2,13,2
131,4,13,2
119,1,13,2
77,3,13,2
44,2,13,2
84,5,13,2
60,3,13,2
29,5,13,2
40,3,13,2
2,5,13,2
56,2,13,2
62,3,13,2
121,2,13,2
134,1,13,2
126,3,13,2
6,2,13,2
100,5,13,3
15,4,13,3
89,2,13,3
102,4,13,3
50,2,13,3
105,3,13,3
12,2,13,3
82,3,13,3
55,2,13,3
80,4,13,3
76,3,13,3
63,2,13,3
39,5,13,3
26,3,13,3
92,2,13,3
74,1,13,3
52,4,13,3
69,2,13,3
21,2,13,3
130,1,13,3
93,1,13,3
94,2,13,3
129,4,13,3
38,3,13,3
48,1,13,3
18,2,13,3
120,4,13,3
51,4,13,3
87,1,13,3
9,2,13,3
99,2,13,4
106,2,13,4
37,3,13,4
81,5,13,4
11,5,13,4
79,5,13,4
78,4,13,4
8,3,13,4
88,2,13,4
71,2,13,4
42,5,13,4
107,4,13,4
49,3,13,4
67,3,13,4
19,4,13,4
68,3,13,4
64,3,13,4
27,4,13,4
112,4,13,4
86,2,13,4
13,1,13,4
31,4,13,4
41,3,13,4
53,3,13,4
25,2,13,4
3,3,13,4
95,2,13,4
57,1,13,4
91,4,13,4
24,4,13,4
58,3,13,4
61,3,13,4
23,4,13,4
10,2,13,4
32,4,13,4
101,2,13,4
43,3,13,4
98,4,13,4
90,4,13,4
47,4,13,4
114,5,13,4
127,3,13,4
125,3,13,4
62,4,14,1
96,4,14,1
68,3,14,1
80,5,14,1
37,3,14,1
47,4,14,1
72,3,14,1
87,2,14,1
30,3,14,1
88,3,14,1
104,3,14,1
28,4,14,1
79,5,14,1
25,3,14,1
61,3,14,1
103,3,14,1
82,4,14,1
110,3,14,1
32,3,14,1
20,5,14,1
128,4,14,1
52,5,14,1
111,5,14,1
12,2,14,1
8,3,14,1
43,4,14,1
99,3,14,1
45,2,14,1
21,5,14,1
49,5,14,1
75,2,14,1
11,3,14,2
16,1,14,2
54,1,14,2
9,4,14,2
77,4,14,2
84,4,14,2
126,1,14,2
38,2,14,2
31,4,14,2
109,4,14,2
120,4,14,2
7,2,14,2
40,3,14,2
71,1,14,2
35,2,14,2
19,3,14,2
15,3,14,2
41,2,14,2
4,3,14,2
131,4,14,2
93,2,14,2
95,2,14,2
114,3,14,2
98,3,14,2
97,3,14,2
18,2,14,2
13,3,14,2
117,3,14,2
122,3,14,2
65,4,14,2
26,4,14,3
108,4,14,3
125,5,14,3
78,3,14,3
70,4,14,3
36,3,14,3
14,4,14,3
67,5,14,3
3,3,14,3
85,5,14,3
44,4,14,3
60,5,14,3
86,3,14,3
64,3,14,3
53,4,14,3
127,5,14,3
55,4,14,3
33,3,14,3
46,3,14,3
73,5,14,3
22,4,14,3
81,3,14,3
76,3,14,3
58,4,14,3
113,2,14,3
63,2,14,3
112,4,14,3
42,5,14,3
132,5,14,3
29,4,14,3
116,1,14,4
34,3,14,4
90,3,14,4
10,3,14,4
69,3,14,4
107,4,14,4
124,2,14,4
5,3,14,4
92,4,14,4
94,3,14,4
121,4,14,4
91,3,14,4
23,3,14,4
118,1,14,4
129,3,14,4
106,2,14,4
115,3,14,4
51,2,14,4
24,3,14,4
50,3,14,4
56,3,14,4
89,3,14,4
123,1,14,4
39,4,14,4
134,2,14,4
27,3,14,4
83,3,14,4
119,2,14,4
59,2,14,4
48,1,14,4
133,3,14,4
102,3,14,4
105,3,14,4
57,3,14,4
17,3,14,4
101,3,14,4
130,2,14,4
1,3,14,4
6,2,14,4
74,3,14,4
2,3,14,4
100,3,14,4
66,3,14,4
3,4,15,1
41,3,15,1
125,2,15,1
103,3,15,1
106,3,15,1
35,2,15,1
68,4,15,1
121,3,15,1
4,4,15,1
73,3,15,1
117,3,15,1
70,3,15,1
38,3,15,1
12,3,15,1
62,3,15,1
87,5,15,1
11,2,15,1
123,1,15,1
60,3,15,1
124,4,15,1
44,3,15,1
127,3,15,1
96,3,15,1
114,4,15,1
19,5,15,1
56,4,15,1
7,3,15,1
97,3,15,1
80,3,15,1
24,2,15,1
45,2,15,1
84,3,15,2
47,4,15,2
92,2,15,2
61,3,15,2
40,4,15,2
75,3,15,2
85,2,15,2
27,4,15,2
57,2,15,2
64,3,15,2
59,1,15,2
99,3,15,2
20,2,15,2
101,4,15,2
122,4,15,2
18,5,15,2
95,2,15,2
17,4,15,2
42,4,15,2
66,3,15,2
58,5,15,2
129,3,15,2
113,4,15,2
50,4,15,2
111,4,15,2
110,4,15,2
65,2,15,2
8,2,15,2
30,4,15,2
94,4,15,2
81,4,15,3
107,4,15,3
2,3,15,3
112,4,15,3
89,2,15,3
120,2,15,3
22,2,15,3
9,3,15,3
88,3,15,3
86,2,15,3
29,5,15,3
28,3,15,3
119,4,15,3
131,4,15,3
71,3,15,3
78,4,15,3
33,4,15,3
14,3,15,3
43,3,15,3
34,3,15,3
26,3,15,3
130,1,15,3
25,3,15,3
102,4,15,3
128,3,15,3
82,5,15,3
83,4,15,3
72,4,15,3
5,3,15,3
69,4,15,3
118,4,15,4
105,3,15,4
115,5,15,4
133,3,15,4
16,1,15,4
79,2,15,4
98,2,15,4
132,2,15,4
54,2,15,4
104,4,15,4
91,3,15,4
126,4,15,4
39,4,15,4
6,3,15,4
46,3,15,4
36,2,15,4
49,3,15,4
10,3,15,4
52,4,15,4
76,2,15,4
13,3,15,4
37,4,15,4
32,3,15,4
23,4,15,4
77,4,15,4
48,4,15,4
134,3,15,4
51,4,15,4
31,4,15,4
108,3,15,4
100,3,15,4
55,3,15,4
74,3,15,4
1,2,15,4
116,2,15,4
67,2,15,4
109,4,15,4
53,3,15,4
63,4,15,4
21,4,15,4
15,3,15,4
93,3,15,4
90,4,15,4
80,5,16,1
37,3,16,1
46,3,16,1
119,1,16,1
27,4,16,1
81,3,16,1
87,1,16,1
66,4,16,1
113,2,16,1
70,3,16,1
106,1,16,1
32,5,16,1
21,5,16,1
103,3,16,1
14,5,16,1
72,5,16,1
110,5,16,1
69,3,16,1
43,3,16,1
12,3,16,1
111,5,16,1
123,1,16,1
58,3,16,1
71,2,16,1
42,5,16,1
39,3,16,1
74,3,16,1
76,3,16,1
4,3,16,1
134,3,16,1
55,5,16,1
29,5,16,2
10,3,16,2
121,3,16,2
99,3,16,2
73,3,16,2
25,5,16,2
5,5,16,2
86,3,16,2
51,2,16,2
16,1,16,2
36,1,16,2
40,5,16,2
23,3,16,2
126,3,16,2
56,3,16,2
18,3,16,2
75,3,16,2
54,3,16,2
17,4,16,2
105,5,16,2
15,5,16,2
82,1,16,2
77,3,16,2
112,5,16,2
28,5,16,2
104,3,16,2
65,3,16,2
52,5,16,2
19,3,16,2
96,3,16,2
2,5,16,3
38,3,16,3
128,5,16,3
122,4,16,3
93,3,16,3
31,3,16,3
6,3,16,3
131,3,16,3
115,3,16,3
26,5,16,3
33,3,16,3
9,1,16,3
89,2,16,3
109,5,16,3
8,5,16,3
68,5,16,3
88,3,16,3
63,3,16,3
53,3,16,3
22,1,16,3
97,1,16,3
83,5,16,3
132,3,16,3
114,5,16,3
98,3,16,3
59,1,16,3
107,5,16,3
3,5,16,3
24,4,16,3
50,3,16,3
133,3,16,4
20,3,16,4
92,5,16,4
95,5,16,4
60,3,16,4
79,3,16,4
35,3,16,4
1,5,16,4
120,5,16,4
116,1,16,4
85,5,16,4
62,5,16,4
49,5,16,4
34,3,16,4
7,3,16,4
45,3,16,4
129,3,16,4
130,3,16,4
61,3,16,4
102,4,16,4
117,5,16,4
101,5,16,4
108,5,16,4
13,1,16,4
44,5,16,4
118,3,16,4
41,4,16,4
78,5,16,4
100,5,16,4
30,5,16,4
64,3,16,4
94,5,16,4
84,5,16,4
124,1,16,4
48,1,16,4
127,2,16,4
91,5,16,4
67,3,16,4
47,5,16,4
90,5,16,4
57,5,16,4
11,5,16,4
125,3,16,4
95,4,17,1
126,3,17,1
13,3,17,1
46,3,17,1
26,3,17,1
28,5,17,1
96,4,17,1
30,4,17,1
124,1,17,1
74,3,17,1
108,2,17,1
133,5,17,1
14,3,17,1
105,2,17,1
18,1,17,1
33,5,17,1
9,1,17,1
106,3,17,1
116,2,17,1
94,4,17,1
131,5,17,1
87,2,17,1
2,5,17,1
84,4,17,1
19,5,17,1
90,4,17,1
58,3,17,1
92,3,17,1
110,5,17,1
67,5,17,1
93,1,17,1
68,4,17,2
89,1,17,2
117,3,17,2
125,2,17,2
76,3,17,2
56,3,17,2
85,4,17,2
24,4,17,2
4,5,17,2
103,3,17,2
91,4,17,2
112,4,17,2
48,1,17,2
73,3,17,2
80,4,17,2
121,2,17,2
134,1,17,2
23,3,17,2
16,1,17,2
107,4,17,2
36,4,17,2
51,5,17,2
120,2,17,2
10,4,17,2
34,2,17,2
12,2,17,2
6,1,17,2
70,3,17,2
72,5,17,2
44,2,17,2
5,4,17,3
17,2,17,3
29,4,17,3
99,4,17,3
53,5,17,3
15,4,17,3
61,3,17,3
43,4,17,3
69,2,17,3
88,3,17,3
40,4,17,3
86,3,17,3
21,3,17,3
128,2,17,3
50,4,17,3
64,4,17,3
75,2,17,3
54,1,17,3
104,2,17,3
1,4,17,3
8,4,17,3
42,3,17,3
37,3,17,3
109,3,17,3
102,3,17,3
57,4,17,3
59,2,17,3
62,3,17,3
3,4,17,3
82,4,17,3
100,4,17,4
130,4,17,4
7,3,17,4
97,1,17,4
77,3,17,4
118,2,17,4
98,2,17,4
60,3,17,4
113,4,17,4
39,4,17,4
65,2,17,4
31,4,17,4
45,3,17,4
49,4,17,4
129,3,17,4
114,4,17,4
101,4,17,4
63,3,17,4
83,3,17,4
27,4,17,4
71,2,17,4
123,1,17,4
122,3,17,4
111,4,17,4
81,3,17,4
55,3,17,4
132,4,17,4
11,4,17,4
25,3,17,4
38,3,17,4
66,3,17,4
127,2,17,4
32,4,17,4
47,4,17,4
41,2,17,4
20,3,17,4
115,5,17,4
35,2,17,4
52,4,17,4
22,4,17,4
78,4,17,4
119,2,17,4
79,4,17,4