ExamineeID,TaskID,RaterID,Score,Order,Date
31,3,1,2,103,2015/12/21 23:07
2,3,1,3,104,2015/12/21 23:08
17,3,1,4,105,2015/12/21 23:08
11,3,1,4,106,2015/12/21 23:09
27,3,1,4,107,2015/12/21 23:09
5,3,1,2,108,2015/12/21 23:10
4,3,1,4,109,2015/12/21 23:10
25,3,1,4,110,2015/12/21 23:11
32,3,1,5,111,2015/12/21 23:12
3,3,1,2,112,2015/12/21 23:12
12,3,1,5,113,2015/12/21 23:13
33,3,1,4,114,2015/12/21 23:13
13,3,1,4,115,2015/12/21 23:15
18,3,1,4,116,2015/12/21 23:15
16,3,1,2,117,2015/12/21 23:16
26,3,1,4,118,2015/12/21 23:17
8,3,1,3,119,2015/12/21 23:17
1,3,1,4,120,2015/12/21 23:18
29,3,1,2,121,2015/12/21 23:18
9,3,1,4,122,2015/12/21 23:19
14,3,1,5,123,2015/12/21 23:19
15,3,1,3,124,2015/12/21 23:20
6,3,1,3,125,2015/12/21 23:20
22,3,1,5,126,2015/12/21 23:21
19,3,1,5,127,2015/12/21 23:21
10,3,1,4,128,2015/12/21 23:22
20,3,1,5,129,2015/12/21 23:23
23,3,1,4,130,2015/12/21 23:24
28,3,1,5,131,2015/12/21 23:24
24,3,1,4,132,2015/12/21 23:25
21,3,1,4,133,2015/12/21 23:25
30,3,1,2,134,2015/12/21 23:26
34,3,1,2,135,2015/12/21 23:26
7,3,1,3,136,2015/12/21 23:27
6,3,2,2,103,2015/12/11 14:52
31,3,2,3,104,2015/12/19 1:57
2,3,2,3,105,2015/12/19 1:58
17,3,2,3,106,2015/12/19 1:58
11,3,2,4,107,2015/12/19 1:59
27,3,2,3,108,2015/12/19 2:01
5,3,2,2,109,2015/12/19 2:01
4,3,2,3,110,2015/12/19 2:02
25,3,2,2,111,2015/12/19 2:02
32,3,2,4,112,2015/12/19 2:07
29,3,2,3,113,2015/12/19 2:15
1,3,2,3,114,2015/12/19 2:27
24,3,2,4,115,2015/12/19 2:27
33,3,2,4,116,2015/12/19 2:28
12,3,2,3,117,2015/12/19 2:28
13,3,2,4,118,2015/12/19 2:29
20,3,2,5,119,2015/12/19 2:29
26,3,2,4,120,2015/12/19 2:29
30,3,2,4,121,2015/12/19 2:31
16,3,2,4,122,2015/12/19 2:31
14,3,2,3,123,2015/12/19 2:32
3,3,2,4,124,2015/12/19 2:33
18,3,2,3,125,2015/12/19 2:33
23,3,2,3,126,2015/12/19 2:33
9,3,2,4,127,2015/12/19 2:34
28,3,2,3,128,2015/12/19 2:34
8,3,2,3,129,2015/12/19 2:35
10,3,2,5,130,2015/12/19 2:35
34,3,2,3,131,2015/12/19 2:39
7,3,2,4,132,2015/12/19 2:40
22,3,2,3,133,2015/12/19 2:40
19,3,2,4,134,2015/12/19 2:40
15,3,2,5,135,2015/12/19 2:40
21,3,2,5,136,2015/12/19 2:41
31,3,3,3,103,2015/12/19 15:20
2,3,3,4,104,2015/12/19 15:21
17,3,3,4,105,2015/12/19 15:22
11,3,3,3,106,2015/12/19 15:24
27,3,3,2,107,2015/12/19 15:24
5,3,3,2,108,2015/12/19 15:25
4,3,3,2,109,2015/12/19 15:26
25,3,3,2,110,2015/12/19 15:28
32,3,3,4,111,2015/12/19 15:29
29,3,3,3,112,2015/12/19 15:31
1,3,3,5,113,2015/12/19 15:32
24,3,3,2,114,2015/12/19 15:33
33,3,3,3,115,2015/12/19 15:35
12,3,3,5,116,2015/12/19 15:36
13,3,3,3,117,2015/12/19 15:37
20,3,3,3,118,2015/12/19 15:39
26,3,3,2,119,2015/12/19 15:41
30,3,3,3,120,2015/12/19 15:43
6,3,3,2,121,2015/12/19 15:43
16,3,3,3,122,2015/12/19 15:44
14,3,3,3,123,2015/12/19 15:44
3,3,3,3,124,2015/12/19 15:44
18,3,3,3,125,2015/12/19 15:46
23,3,3,1,126,2015/12/19 15:46
9,3,3,4,127,2015/12/19 15:49
28,3,3,3,128,2015/12/19 15:55
8,3,3,3,129,2015/12/19 15:56
34,3,3,3,130,2015/12/19 16:02
10,3,3,1,131,2015/12/19 16:02
7,3,3,4,132,2015/12/19 16:03
22,3,3,2,133,2015/12/19 16:04
19,3,3,3,134,2015/12/19 16:05
15,3,3,3,135,2015/12/19 16:06
21,3,3,3,136,2015/12/19 16:09
31,3,4,3,103,2015/12/19 12:21
2,3,4,4,104,2015/12/19 12:49
17,3,4,4,105,2015/12/19 12:49
11,3,4,4,106,2015/12/19 12:49
27,3,4,3,107,2015/12/19 12:52
5,3,4,4,108,2015/12/19 12:52
4,3,4,4,109,2015/12/19 12:53
25,3,4,3,110,2015/12/19 12:59
32,3,4,3,111,2015/12/19 13:00
29,3,4,3,112,2015/12/19 13:00
1,3,4,3,113,2015/12/19 13:01
24,3,4,4,114,2015/12/19 13:01
33,3,4,4,115,2015/12/19 13:01
12,3,4,4,116,2015/12/19 13:01
13,3,4,4,117,2015/12/19 13:05
20,3,4,4,118,2015/12/19 13:06
26,3,4,4,119,2015/12/19 13:06
30,3,4,4,120,2015/12/19 13:06
6,3,4,4,121,2015/12/19 13:06
16,3,4,2,122,2015/12/19 13:07
14,3,4,3,123,2015/12/19 13:07
3,3,4,3,124,2015/12/19 13:07
18,3,4,3,125,2015/12/19 13:08
23,3,4,2,126,2015/12/19 13:08
9,3,4,4,127,2015/12/19 13:13
28,3,4,3,128,2015/12/19 13:13
8,3,4,4,129,2015/12/19 13:13
10,3,4,3,130,2015/12/19 13:13
34,3,4,4,131,2015/12/19 13:13
7,3,4,4,132,2015/12/19 13:14
22,3,4,3,133,2015/12/19 13:14
19,3,4,4,134,2015/12/19 13:15
15,3,4,3,135,2015/12/19 13:15
21,3,4,4,136,2015/12/19 13:15
31,3,5,4,103,2015/12/11 23:05
2,3,5,3,104,2015/12/11 23:33
17,3,5,3,105,2015/12/11 23:34
11,3,5,3,106,2015/12/11 23:35
13,3,5,4,107,2015/12/11 23:39
27,3,5,3,108,2015/12/11 23:41
5,3,5,5,109,2015/12/11 23:43
12,3,5,4,110,2015/12/11 23:45
19,3,5,3,111,2015/12/11 23:46
3,3,5,3,112,2015/12/11 23:47
23,3,5,2,113,2015/12/11 23:47
22,3,5,4,114,2015/12/11 23:47
15,3,5,4,115,2015/12/11 23:48
20,3,5,4,116,2015/12/11 23:48
4,3,5,5,117,2015/12/11 23:49
21,3,5,5,118,2015/12/11 23:50
25,3,5,4,119,2015/12/11 23:51
7,3,5,3,120,2015/12/11 23:52
18,3,5,5,121,2015/12/11 23:54
33,3,5,5,122,2015/12/11 23:56
9,3,5,3,123,2015/12/11 23:58
26,3,5,4,124,2015/12/11 23:59
30,3,5,2,125,2015/12/11 23:59
28,3,5,4,126,2015/12/12 0:01
8,3,5,3,127,2015/12/12 0:03
32,3,5,4,128,2015/12/12 0:04
24,3,5,2,129,2015/12/12 0:04
14,3,5,4,130,2015/12/12 0:05
1,3,5,3,131,2015/12/12 0:06
16,3,5,3,132,2015/12/12 0:07
34,3,5,3,133,2015/12/12 0:07
6,3,5,4,134,2015/12/12 0:09
29,3,5,4,135,2015/12/12 0:10
10,3,5,5,136,2015/12/12 0:11
31,3,6,4,103,2015/12/14 14:44
2,3,6,5,104,2015/12/14 14:45
17,3,6,3,105,2015/12/14 14:45
27,3,6,2,106,2015/12/14 14:46
5,3,6,4,107,2015/12/14 14:47
4,3,6,4,108,2015/12/14 14:47
25,3,6,2,109,2015/12/14 14:49
32,3,6,3,110,2015/12/14 14:50
29,3,6,4,111,2015/12/14 14:50
1,3,6,3,112,2015/12/14 14:50
24,3,6,4,113,2015/12/14 14:51
11,3,6,3,114,2015/12/14 14:51
33,3,6,3,115,2015/12/14 15:00
12,3,6,4,116,2015/12/14 15:00
13,3,6,5,117,2015/12/14 15:00
20,3,6,3,118,2015/12/14 15:01
26,3,6,4,119,2015/12/14 15:01
30,3,6,3,120,2015/12/14 15:01
6,3,6,1,121,2015/12/14 15:01
16,3,6,2,122,2015/12/14 15:02
14,3,6,4,123,2015/12/14 15:02
3,3,6,4,124,2015/12/14 15:02
18,3,6,4,125,2015/12/14 15:02
23,3,6,3,126,2015/12/14 15:02
9,3,6,3,127,2015/12/14 15:03
28,3,6,4,128,2015/12/14 15:03
8,3,6,4,129,2015/12/14 15:03
10,3,6,3,130,2015/12/14 15:03
34,3,6,4,131,2015/12/14 15:04
7,3,6,5,132,2015/12/14 15:04
22,3,6,3,133,2015/12/14 15:04
19,3,6,5,134,2015/12/14 15:04
15,3,6,3,135,2015/12/14 15:04
21,3,6,2,136,2015/12/14 15:05
31,3,7,2,103,2015/12/17 23:07
2,3,7,3,104,2015/12/17 23:07
17,3,7,3,105,2015/12/17 23:08
11,3,7,2,106,2015/12/17 23:09
27,3,7,3,107,2015/12/17 23:09
5,3,7,1,108,2015/12/17 23:10
4,3,7,1,109,2015/12/17 23:10
25,3,7,1,110,2015/12/17 23:11
32,3,7,2,111,2015/12/17 23:12
29,3,7,1,112,2015/12/17 23:13
1,3,7,2,113,2015/12/17 23:14
24,3,7,3,114,2015/12/17 23:15
33,3,7,2,115,2015/12/17 23:16
12,3,7,3,116,2015/12/17 23:17
13,3,7,2,117,2015/12/17 23:18
20,3,7,3,118,2015/12/17 23:19
26,3,7,1,119,2015/12/17 23:20
30,3,7,4,120,2015/12/17 23:21
6,3,7,1,121,2015/12/17 23:21
16,3,7,1,122,2015/12/17 23:32
14,3,7,2,123,2015/12/17 23:33
3,3,7,3,124,2015/12/17 23:33
18,3,7,3,125,2015/12/17 23:35
23,3,7,2,126,2015/12/17 23:38
9,3,7,5,127,2015/12/17 23:39
28,3,7,1,128,2015/12/17 23:39
8,3,7,3,129,2015/12/17 23:40
10,3,7,1,130,2015/12/17 23:41
34,3,7,3,131,2015/12/17 23:41
7,3,7,3,132,2015/12/17 23:42
22,3,7,2,133,2015/12/17 23:44
19,3,7,5,134,2015/12/17 23:45
15,3,7,2,135,2015/12/17 23:45
21,3,7,4,136,2015/12/17 23:46
31,3,8,3,103,2015/12/16 18:02
2,3,8,3,104,2015/12/16 18:04
17,3,8,3,105,2015/12/16 18:05
11,3,8,3,106,2015/12/16 18:06
27,3,8,3,107,2015/12/16 18:06
5,3,8,3,108,2015/12/16 18:07
4,3,8,4,109,2015/12/16 18:07
25,3,8,4,110,2015/12/16 18:08
32,3,8,3,111,2015/12/16 18:09
29,3,8,3,112,2015/12/16 18:09
1,3,8,3,113,2015/12/16 18:11
24,3,8,3,114,2015/12/16 18:11
33,3,8,4,115,2015/12/16 18:11
12,3,8,4,116,2015/12/16 18:12
13,3,8,3,117,2015/12/16 18:13
20,3,8,4,118,2015/12/16 18:13
26,3,8,3,119,2015/12/16 18:14
30,3,8,3,120,2015/12/16 18:15
6,3,8,3,121,2015/12/16 18:15
16,3,8,3,122,2015/12/16 18:16
14,3,8,3,123,2015/12/16 18:16
3,3,8,3,124,2015/12/16 18:16
18,3,8,4,125,2015/12/16 18:16
23,3,8,3,126,2015/12/16 18:17
9,3,8,3,127,2015/12/16 18:17
28,3,8,3,128,2015/12/16 18:18
8,3,8,4,129,2015/12/16 18:18
10,3,8,4,130,2015/12/16 18:19
34,3,8,3,131,2015/12/16 18:19
7,3,8,3,132,2015/12/16 18:20
22,3,8,3,133,2015/12/16 18:20
19,3,8,3,134,2015/12/16 18:20
15,3,8,3,135,2015/12/16 18:21
21,3,8,3,136,2015/12/16 18:21
31,3,9,3,103,2015/12/21 17:48
2,3,9,2,104,2015/12/21 17:48
17,3,9,3,105,2015/12/21 17:49
11,3,9,3,106,2015/12/21 17:49
27,3,9,2,107,2015/12/21 17:49
5,3,9,2,108,2015/12/21 17:50
4,3,9,2,109,2015/12/21 17:50
25,3,9,2,110,2015/12/21 17:50
32,3,9,4,111,2015/12/21 17:50
29,3,9,2,112,2015/12/21 17:50
1,3,9,3,113,2015/12/21 17:51
24,3,9,2,114,2015/12/21 17:51
33,3,9,2,115,2015/12/21 17:51
12,3,9,3,116,2015/12/21 17:51
13,3,9,2,117,2015/12/21 17:52
20,3,9,3,118,2015/12/21 17:52
26,3,9,4,119,2015/12/21 17:52
30,3,9,3,120,2015/12/21 17:52
6,3,9,2,121,2015/12/21 17:52
16,3,9,2,122,2015/12/21 17:53
14,3,9,2,123,2015/12/21 17:53
3,3,9,3,124,2015/12/21 17:53
18,3,9,4,125,2015/12/21 17:53
23,3,9,2,126,2015/12/21 17:54
9,3,9,4,127,2015/12/21 17:54
28,3,9,2,128,2015/12/21 17:54
8,3,9,2,129,2015/12/21 17:54
10,3,9,2,130,2015/12/21 17:54
34,3,9,3,131,2015/12/21 17:55
7,3,9,3,132,2015/12/21 17:55
22,3,9,4,133,2015/12/21 17:55
19,3,9,2,134,2015/12/21 17:55
15,3,9,2,135,2015/12/21 17:56
21,3,9,2,136,2015/12/21 17:56
31,3,10,3,103,2015/12/19 14:51
2,3,10,5,104,2015/12/19 14:51
17,3,10,5,105,2015/12/19 14:52
11,3,10,4,106,2015/12/19 14:52
27,3,10,3,107,2015/12/19 14:53
5,3,10,2,108,2015/12/19 14:53
4,3,10,5,109,2015/12/19 14:53
25,3,10,2,110,2015/12/19 14:54
32,3,10,4,111,2015/12/19 14:55
29,3,10,5,112,2015/12/19 14:56
1,3,10,4,113,2015/12/19 14:56
24,3,10,4,114,2015/12/19 14:57
33,3,10,3,115,2015/12/19 14:57
12,3,10,5,116,2015/12/19 14:58
13,3,10,4,117,2015/12/19 14:59
20,3,10,5,118,2015/12/19 15:00
26,3,10,4,119,2015/12/19 15:00
30,3,10,5,120,2015/12/19 15:00
6,3,10,1,121,2015/12/19 15:01
16,3,10,3,122,2015/12/19 15:01
14,3,10,4,123,2015/12/19 15:02
3,3,10,3,124,2015/12/19 15:02
18,3,10,5,125,2015/12/19 15:03
23,3,10,2,126,2015/12/19 15:03
9,3,10,5,127,2015/12/19 15:04
28,3,10,1,128,2015/12/19 15:05
8,3,10,4,129,2015/12/19 15:05
10,3,10,5,130,2015/12/19 15:06
34,3,10,5,131,2015/12/19 15:07
7,3,10,5,132,2015/12/19 15:07
22,3,10,4,133,2015/12/19 15:07
19,3,10,4,134,2015/12/19 15:08
15,3,10,2,135,2015/12/19 15:09
21,3,10,5,136,2015/12/19 15:09
31,3,11,3,103,2015/12/18 22:03
2,3,11,4,104,2015/12/18 22:04
17,3,11,3,105,2015/12/18 22:05
11,3,11,3,106,2015/12/18 22:05
27,3,11,4,107,2015/12/18 22:06
5,3,11,3,108,2015/12/18 22:07
4,3,11,5,109,2015/12/18 22:07
25,3,11,4,110,2015/12/18 22:08
32,3,11,4,111,2015/12/18 22:09
29,3,11,4,112,2015/12/18 22:10
1,3,11,4,113,2015/12/18 22:11
24,3,11,4,114,2015/12/18 22:11
33,3,11,4,115,2015/12/18 22:12
12,3,11,3,116,2015/12/18 22:13
13,3,11,4,117,2015/12/18 22:14
20,3,11,3,118,2015/12/18 22:14
26,3,11,4,119,2015/12/18 22:16
30,3,11,4,120,2015/12/18 22:16
6,3,11,3,121,2015/12/18 22:17
16,3,11,4,122,2015/12/18 22:18
14,3,11,4,123,2015/12/18 22:19
3,3,11,3,124,2015/12/18 22:21
18,3,11,4,125,2015/12/18 22:22
23,3,11,3,126,2015/12/18 22:22
9,3,11,3,127,2015/12/18 22:23
28,3,11,3,128,2015/12/18 22:23
8,3,11,3,129,2015/12/18 22:24
10,3,11,3,130,2015/12/18 22:24
34,3,11,4,131,2015/12/18 22:25
7,3,11,5,132,2015/12/18 22:26
22,3,11,3,133,2015/12/18 22:27
19,3,11,4,134,2015/12/18 22:28
15,3,11,4,135,2015/12/18 22:28
21,3,11,3,136,2015/12/18 22:29
31,3,12,3,103,2015/12/21 16:44
2,3,12,4,104,2015/12/21 16:44
17,3,12,3,105,2015/12/21 16:45
11,3,12,4,106,2015/12/21 16:45
27,3,12,3,107,2015/12/21 16:45
5,3,12,3,108,2015/12/21 16:46
4,3,12,4,109,2015/12/21 16:46
25,3,12,4,110,2015/12/21 16:46
32,3,12,3,111,2015/12/21 16:46
29,3,12,4,112,2015/12/21 16:47
1,3,12,3,113,2015/12/21 16:47
24,3,12,4,114,2015/12/21 16:47
33,3,12,5,115,2015/12/21 16:48
12,3,12,3,116,2015/12/21 16:49
13,3,12,4,117,2015/12/21 16:49
20,3,12,4,118,2015/12/21 16:49
26,3,12,4,119,2015/12/21 16:49
30,3,12,4,120,2015/12/21 16:50
6,3,12,3,121,2015/12/21 16:50
16,3,12,2,122,2015/12/21 16:51
14,3,12,4,123,2015/12/21 16:51
3,3,12,4,124,2015/12/21 16:51
18,3,12,3,125,2015/12/21 16:52
23,3,12,3,126,2015/12/21 16:52
9,3,12,4,127,2015/12/21 16:52
28,3,12,3,128,2015/12/21 16:53
8,3,12,3,129,2015/12/21 16:53
10,3,12,5,130,2015/12/21 16:54
34,3,12,4,131,2015/12/21 16:54
7,3,12,3,132,2015/12/21 16:56
22,3,12,3,133,2015/12/21 16:56
19,3,12,4,134,2015/12/21 16:57
15,3,12,4,135,2015/12/21 16:57
21,3,12,4,136,2015/12/21 16:57
31,3,13,1,103,2015/12/20 14:48
2,3,13,3,104,2015/12/20 14:49
17,3,13,2,105,2015/12/20 14:51
11,3,13,2,106,2015/12/20 14:53
27,3,13,1,107,2015/12/20 14:56
5,3,13,2,108,2015/12/20 14:57
4,3,13,2,109,2015/12/20 14:58
25,3,13,3,110,2015/12/20 14:59
32,3,13,3,111,2015/12/20 15:00
29,3,13,3,112,2015/12/20 15:01
1,3,13,2,113,2015/12/20 15:03
24,3,13,2,114,2015/12/20 15:04
33,3,13,4,115,2015/12/20 15:04
12,3,13,2,116,2015/12/20 15:06
13,3,13,3,117,2015/12/20 15:09
20,3,13,3,118,2015/12/20 15:09
26,3,13,4,119,2015/12/20 15:10
30,3,13,4,120,2015/12/20 15:11
6,3,13,2,121,2015/12/20 15:13
16,3,13,1,122,2015/12/20 15:14
14,3,13,2,123,2015/12/20 15:15
3,3,13,3,124,2015/12/20 15:15
18,3,13,2,125,2015/12/20 15:19
23,3,13,1,126,2015/12/20 15:19
9,3,13,4,127,2015/12/20 15:20
28,3,13,2,128,2015/12/20 15:22
8,3,13,3,129,2015/12/20 15:22
10,3,13,1,130,2015/12/20 15:23
34,3,13,3,131,2015/12/20 15:28
7,3,13,3,132,2015/12/20 15:29
22,3,13,3,133,2015/12/20 15:31
19,3,13,2,134,2015/12/20 15:32
15,3,13,3,135,2015/12/20 15:34
21,3,13,2,136,2015/12/20 15:35
31,3,14,3,103,2015/12/19 15:10
2,3,14,2,104,2015/12/20 22:18
17,3,14,2,105,2015/12/20 22:20
11,3,14,3,106,2015/12/20 22:21
27,3,14,4,107,2015/12/20 22:26
5,3,14,3,108,2015/12/20 22:29
4,3,14,3,109,2015/12/20 22:30
25,3,14,2,110,2015/12/20 22:32
32,3,14,4,111,2015/12/20 22:33
29,3,14,2,112,2015/12/20 22:35
1,3,14,3,113,2015/12/21 10:48
24,3,14,2,114,2015/12/21 10:49
33,3,14,4,115,2015/12/21 10:50
12,3,14,3,116,2015/12/21 10:51
13,3,14,2,117,2015/12/21 10:53
20,3,14,5,118,2015/12/21 10:53
26,3,14,3,119,2015/12/21 10:55
30,3,14,4,120,2015/12/21 10:55
6,3,14,4,121,2015/12/21 10:56
16,3,14,2,122,2015/12/21 10:57
14,3,14,2,123,2015/12/21 10:58
3,3,14,3,124,2015/12/21 11:00
18,3,14,4,125,2015/12/21 11:01
23,3,14,3,126,2015/12/21 11:05
9,3,14,2,127,2015/12/21 11:06
28,3,14,3,128,2015/12/21 11:07
8,3,14,4,129,2015/12/21 11:28
10,3,14,3,130,2015/12/21 11:29
34,3,14,3,131,2015/12/21 11:30
7,3,14,4,132,2015/12/21 11:33
22,3,14,3,133,2015/12/21 11:34
19,3,14,4,134,2015/12/21 11:35
15,3,14,3,135,2015/12/21 11:36
21,3,14,3,136,2015/12/21 11:37
31,3,15,4,103,2015/12/21 16:40
2,3,15,3,104,2015/12/21 16:40
17,3,15,4,105,2015/12/21 16:41
11,3,15,4,106,2015/12/21 16:41
27,3,15,4,107,2015/12/21 16:41
5,3,15,3,108,2015/12/21 16:41
4,3,15,4,109,2015/12/21 16:42
25,3,15,5,110,2015/12/21 16:42
32,3,15,4,111,2015/12/21 16:43
29,3,15,4,112,2015/12/21 16:43
16,3,15,3,113,2015/12/21 16:43
1,3,15,4,114,2015/12/21 16:43
24,3,15,3,115,2015/12/21 16:44
33,3,15,4,116,2015/12/21 16:44
12,3,15,4,117,2015/12/21 16:44
13,3,15,4,118,2015/12/21 16:44
20,3,15,3,119,2015/12/21 16:44
26,3,15,3,120,2015/12/21 16:45
30,3,15,3,121,2015/12/21 16:45
6,3,15,4,122,2015/12/21 16:45
14,3,15,3,123,2015/12/21 16:46
3,3,15,3,124,2015/12/21 16:46
18,3,15,4,125,2015/12/21 16:46
23,3,15,3,126,2015/12/21 16:46
9,3,15,4,127,2015/12/21 16:46
28,3,15,4,128,2015/12/21 16:46
8,3,15,3,129,2015/12/21 16:46
10,3,15,4,130,2015/12/21 16:47
34,3,15,4,131,2015/12/21 16:47
7,3,15,3,132,2015/12/21 16:47
22,3,15,4,133,2015/12/21 16:47
19,3,15,3,134,2015/12/21 16:47
15,3,15,3,135,2015/12/21 16:47
21,3,15,4,136,2015/12/21 16:47
31,3,16,3,103,2015/12/20 11:46
2,3,16,4,104,2015/12/20 11:55
17,3,16,4,105,2015/12/20 12:00
11,3,16,4,106,2015/12/20 12:01
27,3,16,4,107,2015/12/20 12:02
5,3,16,3,108,2015/12/20 12:03
4,3,16,4,109,2015/12/20 12:07
25,3,16,3,110,2015/12/20 12:19
32,3,16,4,111,2015/12/20 12:21
29,3,16,4,112,2015/12/20 12:22
1,3,16,5,113,2015/12/20 12:24
24,3,16,3,114,2015/12/20 12:27
33,3,16,4,115,2015/12/20 12:32
12,3,16,4,116,2015/12/20 12:34
13,3,16,4,117,2015/12/20 12:34
20,3,16,4,118,2015/12/20 12:35
26,3,16,5,119,2015/12/20 12:36
30,3,16,4,120,2015/12/20 12:37
6,3,16,3,121,2015/12/20 12:38
16,3,16,3,122,2015/12/20 15:13
14,3,16,3,123,2015/12/20 15:15
3,3,16,3,124,2015/12/20 15:16
18,3,16,4,125,2015/12/20 15:18
23,3,16,3,126,2015/12/20 15:18
9,3,16,3,127,2015/12/20 15:20
28,3,16,3,128,2015/12/20 15:21
8,3,16,4,129,2015/12/20 15:22
10,3,16,3,130,2015/12/20 15:24
34,3,16,4,131,2015/12/20 15:25
7,3,16,4,132,2015/12/20 15:32
22,3,16,4,133,2015/12/20 15:33
19,3,16,4,134,2015/12/20 15:34
15,3,16,4,135,2015/12/20 15:35
21,3,16,4,136,2015/12/20 15:36
31,3,17,4,103,2015/12/14 16:27
2,3,17,4,104,2015/12/14 17:42
17,3,17,3,105,2015/12/14 17:52
11,3,17,4,106,2015/12/14 17:52
27,3,17,3,107,2015/12/14 17:53
5,3,17,4,108,2015/12/14 17:54
4,3,17,5,109,2015/12/14 18:23
25,3,17,5,110,2015/12/14 18:24
32,3,17,4,111,2015/12/14 18:24
30,3,17,4,112,2015/12/14 18:25
8,3,17,4,113,2015/12/14 18:25
28,3,17,5,114,2015/12/14 18:26
26,3,17,5,115,2015/12/14 18:26
20,3,17,3,116,2015/12/14 18:27
9,3,17,5,117,2015/12/14 18:28
21,3,17,4,118,2015/12/14 18:28
15,3,17,4,119,2015/12/14 18:32
23,3,17,4,120,2015/12/14 18:44
13,3,17,4,121,2015/12/14 18:45
19,3,17,3,122,2015/12/14 18:46
18,3,17,3,123,2015/12/14 18:47
12,3,17,4,124,2015/12/14 18:48
22,3,17,3,125,2015/12/14 18:49
3,3,17,4,126,2015/12/14 18:50
33,3,17,5,127,2015/12/14 18:51
7,3,17,4,128,2015/12/14 18:52
14,3,17,4,129,2015/12/14 18:53
24,3,17,4,130,2015/12/15 17:24
34,3,17,4,131,2015/12/15 17:24
16,3,17,3,132,2015/12/15 17:26
1,3,17,4,133,2015/12/15 17:27
10,3,17,3,134,2015/12/15 17:27
6,3,17,4,135,2015/12/15 17:29
29,3,17,4,136,2015/12/15 17:29
21,3,18,5,103,2015/12/11 13:36
18,3,18,3,104,2015/12/11 13:37
31,3,18,3,105,2015/12/18 21:42
2,3,18,4,106,2015/12/18 21:42
17,3,18,2,107,2015/12/18 21:45
11,3,18,4,108,2015/12/18 21:45
27,3,18,3,109,2015/12/18 21:46
5,3,18,3,110,2015/12/18 21:47
15,3,18,2,111,2015/12/18 21:48
19,3,18,5,112,2015/12/18 21:49
22,3,18,4,113,2015/12/18 21:50
7,3,18,4,114,2015/12/18 21:50
34,3,18,3,115,2015/12/18 21:51
10,3,18,3,116,2015/12/18 21:52
4,3,18,4,117,2015/12/18 21:53
8,3,18,3,118,2015/12/18 21:53
28,3,18,3,119,2015/12/18 21:53
9,3,18,4,120,2015/12/18 21:53
23,3,18,1,121,2015/12/18 21:54
3,3,18,4,122,2015/12/18 21:54
14,3,18,2,123,2015/12/18 21:55
16,3,18,2,124,2015/12/18 21:56
6,3,18,3,125,2015/12/18 21:56
20,3,18,3,126,2015/12/18 21:56
25,3,18,2,127,2015/12/18 21:57
26,3,18,3,128,2015/12/18 21:57
32,3,18,3,129,2015/12/18 21:58
29,3,18,3,130,2015/12/18 21:59
30,3,18,2,131,2015/12/18 22:00
13,3,18,4,132,2015/12/18 22:00
33,3,18,3,133,2015/12/18 22:00
12,3,18,4,134,2015/12/18 22:01
24,3,18,2,135,2015/12/18 22:01
1,3,18,3,136,2015/12/18 22:02
31,3,19,3,103,2015/12/16 14:53
2,3,19,3,104,2015/12/16 14:54
17,3,19,3,105,2015/12/16 14:55
11,3,19,2,106,2015/12/16 14:56
27,3,19,3,107,2015/12/16 14:56
5,3,19,2,108,2015/12/16 14:57
4,3,19,2,109,2015/12/16 14:57
25,3,19,3,110,2015/12/16 14:57
32,3,19,3,111,2015/12/16 14:58
29,3,19,2,112,2015/12/16 14:58
1,3,19,3,113,2015/12/16 14:58
24,3,19,3,114,2015/12/16 14:59
33,3,19,2,115,2015/12/16 14:59
12,3,19,3,116,2015/12/16 14:59
13,3,19,3,117,2015/12/16 15:00
20,3,19,3,118,2015/12/16 15:00
26,3,19,3,119,2015/12/16 15:00
30,3,19,2,120,2015/12/16 15:00
6,3,19,3,121,2015/12/16 15:01
16,3,19,3,122,2015/12/16 15:01
14,3,19,2,123,2015/12/16 15:02
3,3,19,3,124,2015/12/16 15:02
18,3,19,3,125,2015/12/16 15:02
23,3,19,2,126,2015/12/16 15:03
9,3,19,3,127,2015/12/16 15:03
28,3,19,2,128,2015/12/16 15:03
8,3,19,3,129,2015/12/16 15:04
10,3,19,2,130,2015/12/16 15:04
34,3,19,3,131,2015/12/16 15:04
7,3,19,3,132,2015/12/16 15:04
22,3,19,3,133,2015/12/16 15:04
19,3,19,2,134,2015/12/16 15:05
15,3,19,3,135,2015/12/16 15:05
21,3,19,3,136,2015/12/16 15:05
31,3,20,3,103,2015/12/16 16:58
2,3,20,4,104,2015/12/16 16:59
17,3,20,4,105,2015/12/16 17:07
11,3,20,4,106,2015/12/16 17:10
27,3,20,3,107,2015/12/16 17:11
5,3,20,3,108,2015/12/16 17:17
4,3,20,4,109,2015/12/16 17:19
25,3,20,3,110,2015/12/16 17:20
32,3,20,3,111,2015/12/16 17:22
29,3,20,3,112,2015/12/16 17:31
1,3,20,4,113,2015/12/16 19:00
24,3,20,2,114,2015/12/16 19:01
33,3,20,3,115,2015/12/16 19:02
12,3,20,3,116,2015/12/16 19:03
13,3,20,4,117,2015/12/16 19:04
20,3,20,2,118,2015/12/16 19:05
26,3,20,3,119,2015/12/16 19:08
30,3,20,4,120,2015/12/16 19:13
6,3,20,4,121,2015/12/17 22:54
16,3,20,3,122,2015/12/17 22:55
14,3,20,2,123,2015/12/17 22:56
3,3,20,3,124,2015/12/17 22:57
18,3,20,3,125,2015/12/17 23:00
23,3,20,2,126,2015/12/17 23:01
9,3,20,3,127,2015/12/17 23:04
28,3,20,2,128,2015/12/17 23:05
8,3,20,3,129,2015/12/17 23:06
10,3,20,3,130,2015/12/17 23:07
34,3,20,4,131,2015/12/17 23:09
7,3,20,3,132,2015/12/17 23:15
22,3,20,3,133,2015/12/17 23:17
19,3,20,4,134,2015/12/17 23:19
15,3,20,3,135,2015/12/17 23:20
21,3,20,3,136,2015/12/17 23:21
31,3,21,2,103,2015/12/15 17:37
2,3,21,5,104,2015/12/15 17:37
17,3,21,3,105,2015/12/15 17:40
11,3,21,4,106,2015/12/15 17:40
27,3,21,5,107,2015/12/15 17:41
5,3,21,1,108,2015/12/15 17:42
4,3,21,5,109,2015/12/15 17:42
25,3,21,5,110,2015/12/15 17:43
32,3,21,4,111,2015/12/15 17:44
29,3,21,5,112,2015/12/15 17:44
1,3,21,2,113,2015/12/15 17:45
24,3,21,4,114,2015/12/15 17:53
33,3,21,3,115,2015/12/15 17:54
12,3,21,2,116,2015/12/15 17:54
13,3,21,5,117,2015/12/15 17:55
20,3,21,4,118,2015/12/15 17:55
26,3,21,2,119,2015/12/15 17:56
30,3,21,4,120,2015/12/15 17:56
6,3,21,3,121,2015/12/15 17:57
16,3,21,3,122,2015/12/15 17:57
14,3,21,2,123,2015/12/15 17:58
3,3,21,5,124,2015/12/15 17:58
18,3,21,4,125,2015/12/15 18:00
23,3,21,2,126,2015/12/15 18:00
9,3,21,3,127,2015/12/15 18:01
28,3,21,3,128,2015/12/15 18:01
8,3,21,4,129,2015/12/15 18:02
10,3,21,2,130,2015/12/15 18:02
34,3,21,4,131,2015/12/15 18:03
7,3,21,4,132,2015/12/15 18:03
22,3,21,5,133,2015/12/15 18:05
19,3,21,3,134,2015/12/15 18:05
15,3,21,2,135,2015/12/15 18:06
21,3,21,3,136,2015/12/15 18:06
31,3,22,3,103,2015/12/18 17:30
2,3,22,4,104,2015/12/18 17:31
17,3,22,3,105,2015/12/18 17:32
11,3,22,3,106,2015/12/18 17:32
27,3,22,4,107,2015/12/18 17:58
5,3,22,3,108,2015/12/18 17:59
4,3,22,4,109,2015/12/18 18:00
26,3,22,4,110,2015/12/18 18:01
25,3,22,2,111,2015/12/18 18:02
32,3,22,3,112,2015/12/18 18:02
29,3,22,2,113,2015/12/18 18:15
1,3,22,3,114,2015/12/18 18:16
24,3,22,3,115,2015/12/18 18:41
33,3,22,3,116,2015/12/18 18:44
12,3,22,4,117,2015/12/18 18:46
13,3,22,4,118,2015/12/18 18:48
20,3,22,4,119,2015/12/18 18:49
30,3,22,5,120,2015/12/18 18:50
6,3,22,3,121,2015/12/18 18:50
16,3,22,2,122,2015/12/18 18:51
14,3,22,3,123,2015/12/18 18:53
3,3,22,3,124,2015/12/18 18:56
18,3,22,3,125,2015/12/18 18:57
23,3,22,2,126,2015/12/18 18:58
9,3,22,4,127,2015/12/18 19:03
28,3,22,3,128,2015/12/18 19:04
8,3,22,3,129,2015/12/18 19:06
10,3,22,3,130,2015/12/18 19:06
34,3,22,3,131,2015/12/18 19:07
7,3,22,4,132,2015/12/18 19:09
22,3,22,2,133,2015/12/18 19:09
19,3,22,3,134,2015/12/18 19:10
15,3,22,2,135,2015/12/18 19:10
21,3,22,2,136,2015/12/18 19:11
31,3,23,3,103,2015/12/21 12:54
2,3,23,3,104,2015/12/21 12:54
17,3,23,3,105,2015/12/21 12:54
11,3,23,3,106,2015/12/21 12:54
27,3,23,3,107,2015/12/21 12:55
5,3,23,4,108,2015/12/21 15:42
4,3,23,3,109,2015/12/21 23:18
25,3,23,4,110,2015/12/21 23:19
32,3,23,3,111,2015/12/21 23:21
29,3,23,3,112,2015/12/21 23:23
1,3,23,3,113,2015/12/21 23:23
24,3,23,3,114,2015/12/21 23:25
33,3,23,4,115,2015/12/21 23:25
12,3,23,3,116,2015/12/21 23:26
13,3,23,4,117,2015/12/21 23:27
20,3,23,3,118,2015/12/21 23:28
26,3,23,3,119,2015/12/21 23:28
30,3,23,3,120,2015/12/21 23:31
6,3,23,3,121,2015/12/21 23:32
16,3,23,3,122,2015/12/21 23:32
14,3,23,4,123,2015/12/21 23:33
3,3,23,3,124,2015/12/21 23:34
18,3,23,4,125,2015/12/21 23:34
23,3,23,2,126,2015/12/21 23:35
9,3,23,4,127,2015/12/21 23:36
28,3,23,3,128,2015/12/21 23:36
8,3,23,3,129,2015/12/21 23:36
10,3,23,3,130,2015/12/21 23:37
34,3,23,3,131,2015/12/21 23:37
7,3,23,3,132,2015/12/21 23:39
22,3,23,4,133,2015/12/21 23:39
19,3,23,4,134,2015/12/21 23:39
15,3,23,3,135,2015/12/21 23:39
21,3,23,4,136,2015/12/21 23:40
31,3,24,4,103,2015/12/15 15:20
2,3,24,3,104,2015/12/15 15:20
17,3,24,3,105,2015/12/15 15:21
11,3,24,2,106,2015/12/15 15:22
27,3,24,2,107,2015/12/15 15:34
5,3,24,2,108,2015/12/15 15:35
4,3,24,2,109,2015/12/15 15:35
25,3,24,3,110,2015/12/15 15:37
32,3,24,3,111,2015/12/15 15:38
29,3,24,3,112,2015/12/15 15:38
1,3,24,4,113,2015/12/15 15:38
24,3,24,5,114,2015/12/15 15:39
33,3,24,3,115,2015/12/15 15:40
12,3,24,4,116,2015/12/15 15:40
13,3,24,5,117,2015/12/15 15:41
20,3,24,5,118,2015/12/15 15:41
26,3,24,3,119,2015/12/15 15:42
30,3,24,4,120,2015/12/15 15:42
6,3,24,2,121,2015/12/15 15:42
16,3,24,2,122,2015/12/15 15:43
14,3,24,3,123,2015/12/15 15:44
3,3,24,3,124,2015/12/15 15:44
18,3,24,2,125,2015/12/15 15:44
23,3,24,2,126,2015/12/15 15:45
9,3,24,5,127,2015/12/15 15:46
28,3,24,3,128,2015/12/15 15:46
8,3,24,5,129,2015/12/15 15:46
10,3,24,3,130,2015/12/15 15:47
34,3,24,4,131,2015/12/15 15:48
7,3,24,5,132,2015/12/15 15:48
22,3,24,2,133,2015/12/15 15:49
19,3,24,5,134,2015/12/15 15:49
15,3,24,1,135,2015/12/15 15:50
21,3,24,1,136,2015/12/15 15:50
31,3,25,5,103,2015/12/16 14:43
2,3,25,5,104,2015/12/16 14:44
17,3,25,5,105,2015/12/16 14:44
11,3,25,4,106,2015/12/16 14:45
27,3,25,3,107,2015/12/16 14:45
5,3,25,5,108,2015/12/16 14:45
4,3,25,5,109,2015/12/16 14:46
25,3,25,4,110,2015/12/16 14:46
32,3,25,3,111,2015/12/16 14:46
29,3,25,4,112,2015/12/16 14:48
1,3,25,4,113,2015/12/16 14:49
24,3,25,5,114,2015/12/16 14:50
33,3,25,4,115,2015/12/16 14:50
12,3,25,5,116,2015/12/16 14:50
13,3,25,5,117,2015/12/16 14:52
20,3,25,4,118,2015/12/16 14:53
26,3,25,5,119,2015/12/16 14:53
30,3,25,5,120,2015/12/16 14:54
6,3,25,5,121,2015/12/16 14:54
16,3,25,2,122,2015/12/16 14:54
14,3,25,3,123,2015/12/16 14:54
3,3,25,3,124,2015/12/16 14:55
18,3,25,5,125,2015/12/16 14:55
23,3,25,2,126,2015/12/16 14:55
9,3,25,2,127,2015/12/16 14:55
28,3,25,4,128,2015/12/16 14:56
8,3,25,5,129,2015/12/16 14:56
10,3,25,3,130,2015/12/16 14:56
34,3,25,5,131,2015/12/16 14:56
7,3,25,4,132,2015/12/16 14:57
22,3,25,3,133,2015/12/16 14:57
19,3,25,4,134,2015/12/16 14:57
15,3,25,5,135,2015/12/16 14:57
21,3,25,5,136,2015/12/16 14:58
31,3,26,3,103,2015/12/20 12:07
2,3,26,3,104,2015/12/20 12:09
17,3,26,2,105,2015/12/20 12:10
11,3,26,3,106,2015/12/20 12:12
27,3,26,3,107,2015/12/20 12:13
5,3,26,1,108,2015/12/20 12:14
4,3,26,2,109,2015/12/20 12:14
25,3,26,3,110,2015/12/20 12:17
32,3,26,4,111,2015/12/20 12:18
29,3,26,2,112,2015/12/20 12:19
1,3,26,2,113,2015/12/20 12:21
24,3,26,4,114,2015/12/20 12:22
33,3,26,2,115,2015/12/20 12:23
12,3,26,3,116,2015/12/20 12:26
13,3,26,4,117,2015/12/20 12:27
20,3,26,4,118,2015/12/20 12:28
26,3,26,4,119,2015/12/20 12:30
30,3,26,4,120,2015/12/20 12:30
6,3,26,2,121,2015/12/20 12:31
16,3,26,1,122,2015/12/20 12:32
14,3,26,3,123,2015/12/20 12:33
3,3,26,2,124,2015/12/20 12:34
18,3,26,4,125,2015/12/20 12:35
23,3,26,1,126,2015/12/20 12:36
9,3,26,5,127,2015/12/20 12:37
28,3,26,2,128,2015/12/20 12:37
8,3,26,2,129,2015/12/20 12:38
10,3,26,4,130,2015/12/20 12:39
34,3,26,5,131,2015/12/20 12:40
7,3,26,4,132,2015/12/20 12:41
22,3,26,2,133,2015/12/20 12:42
19,3,26,4,134,2015/12/20 12:43
15,3,26,2,135,2015/12/20 12:43
21,3,26,3,136,2015/12/20 12:45
31,3,27,3,103,2015/12/22 20:31
2,3,27,3,104,2015/12/22 20:32
17,3,27,4,105,2015/12/22 20:33
11,3,27,3,106,2015/12/22 20:33
27,3,27,3,107,2015/12/22 20:47
5,3,27,3,108,2015/12/22 20:48
4,3,27,4,109,2015/12/22 20:49
25,3,27,2,110,2015/12/22 20:50
32,3,27,2,111,2015/12/22 20:51
29,3,27,2,112,2015/12/22 20:51
1,3,27,4,113,2015/12/22 20:52
24,3,27,3,114,2015/12/22 20:52
33,3,27,4,115,2015/12/24 10:03
12,3,27,5,116,2015/12/24 10:24
13,3,27,4,117,2015/12/24 12:52
20,3,27,5,118,2015/12/24 12:52
26,3,27,3,119,2015/12/24 12:53
30,3,27,4,120,2015/12/24 12:53
6,3,27,3,121,2015/12/24 12:54
16,3,27,4,122,2015/12/24 12:54
14,3,27,3,123,2015/12/24 12:54
3,3,27,2,124,2015/12/24 12:55
18,3,27,3,125,2015/12/24 12:56
23,3,27,2,126,2015/12/24 12:56
9,3,27,3,127,2015/12/24 12:56
28,3,27,3,128,2015/12/24 12:57
8,3,27,5,129,2015/12/24 12:57
10,3,27,5,130,2015/12/24 12:59
34,3,27,5,131,2015/12/24 12:59
7,3,27,5,132,2015/12/24 13:00
22,3,27,4,133,2015/12/24 13:00
19,3,27,2,134,2015/12/24 13:01
15,3,27,3,135,2015/12/24 13:01
21,3,27,3,136,2015/12/24 13:02
31,3,28,4,103,2015/12/12 10:32
29,3,28,4,104,2015/12/12 10:32
6,3,28,4,105,2015/12/12 10:33
10,3,28,3,106,2015/12/12 10:33
34,3,28,4,107,2015/12/12 10:34
7,3,28,4,108,2015/12/12 10:35
22,3,28,3,109,2015/12/12 10:37
19,3,28,3,110,2015/12/12 10:37
15,3,28,3,111,2015/12/12 10:46
21,3,28,4,112,2015/12/12 10:47
8,3,28,3,113,2015/12/12 10:47
30,3,28,3,114,2015/12/12 10:47
32,3,28,3,115,2015/12/12 10:48
25,3,28,4,116,2015/12/12 10:48
4,3,28,4,117,2015/12/12 10:50
5,3,28,3,118,2015/12/12 10:50
27,3,28,3,119,2015/12/12 10:50
11,3,28,4,120,2015/12/12 10:53
17,3,28,4,121,2015/12/12 10:54
2,3,28,4,122,2015/12/12 10:54
1,3,28,4,123,2015/12/12 10:54
16,3,28,4,124,2015/12/12 10:54
14,3,28,4,125,2015/12/12 10:55
3,3,28,3,126,2015/12/12 10:56
18,3,28,3,127,2015/12/12 10:56
23,3,28,2,128,2015/12/12 10:56
9,3,28,4,129,2015/12/12 10:57
28,3,28,4,130,2015/12/12 10:57
26,3,28,5,131,2015/12/12 10:57
20,3,28,3,132,2015/12/12 10:58
13,3,28,5,133,2015/12/12 10:59
12,3,28,5,134,2015/12/12 10:59
33,3,28,4,135,2015/12/12 11:00
24,3,28,3,136,2015/12/12 11:01
30,3,29,4,103,2015/12/21 1:10
31,3,29,3,104,2015/12/21 1:12
21,3,29,5,105,2015/12/21 1:13
2,3,29,4,106,2015/12/21 16:02
17,3,29,4,107,2015/12/21 16:03
11,3,29,4,108,2015/12/21 16:14
27,3,29,4,109,2015/12/21 16:16
5,3,29,2,110,2015/12/21 22:47
4,3,29,3,111,2015/12/21 22:47
25,3,29,4,112,2015/12/21 22:53
32,3,29,4,113,2015/12/21 23:02
29,3,29,2,114,2015/12/21 23:02
1,3,29,5,115,2015/12/21 23:04
24,3,29,4,116,2015/12/21 23:14
33,3,29,4,117,2015/12/21 23:18
12,3,29,3,118,2015/12/21 23:21
13,3,29,4,119,2015/12/21 23:23
20,3,29,3,120,2015/12/21 23:27
26,3,29,3,121,2015/12/21 23:29
6,3,29,3,122,2015/12/21 23:33
16,3,29,3,123,2015/12/21 23:35
14,3,29,3,124,2015/12/21 23:36
3,3,29,3,125,2015/12/21 23:39
18,3,29,3,126,2015/12/21 23:40
23,3,29,5,127,2015/12/21 23:42
9,3,29,3,128,2015/12/21 23:45
28,3,29,3,129,2015/12/21 23:47
8,3,29,4,130,2015/12/21 23:48
10,3,29,4,131,2015/12/21 23:49
34,3,29,5,132,2015/12/21 23:51
7,3,29,3,133,2015/12/21 23:52
22,3,29,4,134,2015/12/21 23:52
19,3,29,3,135,2015/12/21 23:53
15,3,29,3,136,2015/12/21 23:53
31,3,30,3,103,2015/12/11 14:33
2,3,30,2,104,2015/12/11 14:33
17,3,30,3,105,2015/12/11 14:33
11,3,30,1,106,2015/12/11 14:34
27,3,30,1,107,2015/12/11 14:34
5,3,30,2,108,2015/12/11 14:34
4,3,30,2,109,2015/12/11 14:34
25,3,30,2,110,2015/12/11 14:36
32,3,30,2,111,2015/12/11 14:36
29,3,30,2,112,2015/12/11 14:36
1,3,30,4,113,2015/12/11 14:37
24,3,30,2,114,2015/12/11 14:37
33,3,30,2,115,2015/12/11 14:38
12,3,30,1,116,2015/12/11 14:38
13,3,30,2,117,2015/12/11 14:39
20,3,30,3,118,2015/12/11 14:39
26,3,30,1,119,2015/12/11 14:40
30,3,30,1,120,2015/12/11 14:40
6,3,30,2,121,2015/12/11 14:40
16,3,30,2,122,2015/12/11 14:40
14,3,30,3,123,2015/12/11 14:41
3,3,30,3,124,2015/12/11 14:42
18,3,30,3,125,2015/12/11 14:42
23,3,30,1,126,2015/12/11 14:42
9,3,30,4,127,2015/12/11 14:43
28,3,30,2,128,2015/12/11 14:43
8,3,30,2,129,2015/12/11 14:43
10,3,30,3,130,2015/12/11 14:43
34,3,30,1,131,2015/12/11 14:44
7,3,30,2,132,2015/12/11 14:44
22,3,30,3,133,2015/12/11 14:44
19,3,30,2,134,2015/12/11 14:44
15,3,30,2,135,2015/12/11 14:45
21,3,30,3,136,2015/12/11 14:45
31,3,31,4,103,2015/12/15 21:47
2,3,31,4,104,2015/12/15 21:47
17,3,31,4,105,2015/12/15 21:48
11,3,31,4,106,2015/12/15 21:48
27,3,31,4,107,2015/12/15 21:48
5,3,31,3,108,2015/12/15 21:49
4,3,31,5,109,2015/12/15 21:49
25,3,31,5,110,2015/12/15 21:51
32,3,31,4,111,2015/12/15 21:51
29,3,31,4,112,2015/12/15 21:54
1,3,31,4,113,2015/12/15 22:04
24,3,31,5,114,2015/12/15 22:04
33,3,31,2,115,2015/12/15 22:05
12,3,31,4,116,2015/12/15 22:05
13,3,31,4,117,2015/12/15 22:07
20,3,31,4,118,2015/12/15 22:07
26,3,31,3,119,2015/12/15 22:08
30,3,31,4,120,2015/12/15 22:09
6,3,31,5,121,2015/12/15 22:13
16,3,31,2,122,2015/12/15 22:13
14,3,31,3,123,2015/12/15 22:14
3,3,31,3,124,2015/12/15 22:15
18,3,31,3,125,2015/12/15 22:15
23,3,31,2,126,2015/12/15 22:16
9,3,31,4,127,2015/12/15 22:17
28,3,31,2,128,2015/12/15 22:20
8,3,31,3,129,2015/12/15 22:21
10,3,31,3,130,2015/12/15 22:21
34,3,31,4,131,2015/12/15 22:21
7,3,31,4,132,2015/12/15 22:23
22,3,31,3,133,2015/12/15 22:24
19,3,31,4,134,2015/12/15 22:24
15,3,31,4,135,2015/12/15 22:24
21,3,31,5,136,2015/12/15 22:25
31,3,32,5,103,2015/12/21 19:51
2,3,32,5,104,2015/12/21 19:53
17,3,32,3,105,2015/12/21 19:53
11,3,32,4,106,2015/12/21 19:53
21,3,32,4,107,2015/12/21 19:53
22,3,32,4,108,2015/12/21 19:55
15,3,32,4,109,2015/12/21 19:57
3,3,32,1,110,2015/12/21 19:58
19,3,32,2,111,2015/12/21 19:58
16,3,32,3,112,2015/12/21 20:01
20,3,32,5,113,2015/12/21 20:01
32,3,32,3,114,2015/12/21 20:02
25,3,32,4,115,2015/12/21 20:02
9,3,32,5,116,2015/12/21 20:03
10,3,32,4,117,2015/12/21 20:04
24,3,32,4,118,2015/12/21 20:05
8,3,32,4,119,2015/12/21 20:06
6,3,32,4,120,2015/12/21 20:07
13,3,32,3,121,2015/12/21 20:08
12,3,32,4,122,2015/12/21 20:10
33,3,32,4,123,2015/12/21 20:10
7,3,32,4,124,2015/12/21 20:11
5,3,32,5,125,2015/12/21 20:11
26,3,32,4,126,2015/12/21 20:11
14,3,32,4,127,2015/12/21 20:13
23,3,32,4,128,2015/12/21 20:13
18,3,32,5,129,2015/12/21 20:13
4,3,32,4,130,2015/12/21 20:14
27,3,32,5,131,2015/12/21 20:14
28,3,32,4,132,2015/12/21 20:14
1,3,32,5,133,2015/12/21 20:15
30,3,32,4,134,2015/12/21 20:15
34,3,32,4,135,2015/12/21 20:15
29,3,32,4,136,2015/12/21 20:15
31,3,33,4,103,2015/12/20 18:57
2,3,33,4,104,2015/12/20 18:57
17,3,33,4,105,2015/12/20 18:57
11,3,33,3,106,2015/12/20 18:58
27,3,33,4,107,2015/12/20 18:58
5,3,33,3,108,2015/12/20 18:59
4,3,33,4,109,2015/12/20 19:00
25,3,33,3,110,2015/12/20 19:01
32,3,33,3,111,2015/12/20 19:01
29,3,33,3,112,2015/12/20 19:03
1,3,33,3,113,2015/12/20 19:05
24,3,33,4,114,2015/12/20 19:05
33,3,33,5,115,2015/12/20 19:07
12,3,33,4,116,2015/12/20 19:07
13,3,33,4,117,2015/12/20 19:07
20,3,33,5,118,2015/12/20 19:08
26,3,33,3,119,2015/12/20 19:10
30,3,33,3,120,2015/12/20 19:12
6,3,33,3,121,2015/12/20 19:13
16,3,33,3,122,2015/12/20 19:13
14,3,33,3,123,2015/12/20 19:13
3,3,33,3,124,2015/12/20 19:14
18,3,33,4,125,2015/12/20 19:16
23,3,33,2,126,2015/12/20 19:17
9,3,33,4,127,2015/12/20 19:18
28,3,33,2,128,2015/12/20 19:18
8,3,33,4,129,2015/12/20 19:20
10,3,33,4,130,2015/12/20 19:21
34,3,33,4,131,2015/12/20 19:22
7,3,33,3,132,2015/12/20 19:22
22,3,33,4,133,2015/12/20 19:26
19,3,33,3,134,2015/12/20 19:26
15,3,33,3,135,2015/12/20 19:26
21,3,33,4,136,2015/12/20 19:27
23,3,34,4,103,2015/12/21 14:47
31,3,34,3,104,2015/12/21 14:58
25,3,34,3,105,2015/12/21 14:59
6,3,34,5,106,2015/12/21 15:00
17,3,34,5,107,2015/12/21 15:07
18,3,34,4,108,2015/12/21 15:08
16,3,34,3,109,2015/12/21 15:13
2,3,34,4,110,2015/12/21 15:14
29,3,34,2,111,2015/12/21 15:14
1,3,34,4,112,2015/12/21 15:15
10,3,34,2,113,2015/12/21 15:15
34,3,34,4,114,2015/12/21 15:16
24,3,34,4,115,2015/12/21 15:17
14,3,34,2,116,2015/12/21 15:17
13,3,34,4,117,2015/12/21 15:18
7,3,34,5,118,2015/12/21 15:19
32,3,34,4,119,2015/12/21 15:20
30,3,34,5,120,2015/12/21 15:21
20,3,34,4,121,2015/12/21 15:24
5,3,34,2,122,2015/12/21 15:25
12,3,34,4,123,2015/12/21 15:25
4,3,34,2,124,2015/12/21 15:26
27,3,34,4,125,2015/12/21 15:26
8,3,34,4,126,2015/12/21 15:28
28,3,34,3,127,2015/12/21 15:28
33,3,34,2,128,2015/12/21 15:29
26,3,34,4,129,2015/12/21 15:29
9,3,34,5,130,2015/12/21 15:30
11,3,34,4,131,2015/12/21 15:31
3,3,34,3,132,2015/12/21 15:32
21,3,34,5,133,2015/12/21 15:34
15,3,34,3,134,2015/12/21 15:34
19,3,34,4,135,2015/12/21 15:36
22,3,34,3,136,2015/12/21 15:36